{"cameraMode":{"drawMode":0,"name":"Shaded","section":"Shading Mode"},"sceneLighting":false,"audioPlay":false,"sceneViewState":{"m_AlwaysRefresh":false,"showFog":true,"showSkybox":false,"showFlares":true,"showImageEffects":true,"showParticleSystems":true,"showVisualEffectGraphs":true,"m_FxEnabled":true},"in2DMode":false,"pivot":{"x":0.0000861072912812233,"y":0.0003650015569292009,"z":0.00022778354468755424},"rotation":{"x":-0.10438279062509537,"y":-0.5170788168907166,"z":-0.06372293829917908,"w":0.8471750020980835},"size":0.00041732052341103554,"orthographic":false}