{"cameraMode":{"drawMode":0,"name":"Shaded","section":"Shading Mode"},"sceneLighting":false,"audioPlay":false,"sceneViewState":{"m_AlwaysRefresh":false,"showFog":true,"showSkybox":false,"showFlares":true,"showImageEffects":true,"showParticleSystems":true,"showVisualEffectGraphs":true,"m_FxEnabled":true},"in2DMode":false,"pivot":{"x":37.16080093383789,"y":-0.45044636726379397,"z":59.56879806518555},"rotation":{"x":0.030720822513103486,"y":0.9676696062088013,"z":-0.2031174898147583,"w":0.1463591307401657},"size":3.8971142768859865,"orthographic":false}